Postcode,Average net tax 1,Percentage of total Average Tax paid,Average Salary 1,Percentage of Total State Income,Average Net Tax ,Average Salary
3000,20458,0.220486776,46100,0.141389102,0.198663964,0.251956247
3002,44063,0.474890449,78594,0.241048483,0.535599075,0.707628664
3003,17485,0.188445169,56817,0.174258234,0.156227697,0.402243725
3004,36287,0.39108435,73999,0.226955578,0.424605327,0.643191698
3006,22507,0.242569942,64965,0.199248221,0.227911159,0.516505399
3008,22530,0.242817825,65288,0.200238865,0.228239459,0.521034918
3010,27860,0.300262077,99443,0.304992547,0.304319278,1
3011,12864,0.138642188,51863,0.159064273,0.090268064,0.332772402
3012,13052,0.140668364,54306,0.166556975,0.092951554,0.367031272
3013,18141,0.195515231,67399,0.20671332,0.165591367,0.550638059
3015,18748,0.202057194,69510,0.213187776,0.174255617,0.5802412
3016,26502,0.285626187,72497,0.222348931,0.284935339,0.622128734
3018,15550,0.167590643,60152,0.184486708,0.128607725,0.449011359
3019,9041,0.097439678,43286,0.132758539,0.035698992,0.212494741
3020,9338,0.100640606,44577,0.136718047,0.039938337,0.230598794
3021,8679,0.093538211,42816,0.131317045,0.030531845,0.2059038
3022,9581,0.103259546,47364,0.145265801,0.043406891,0.269681672
3023,11775,0.126905454,52699,0.161628292,0.0747238,0.344495863
3024,11129,0.119943168,52221,0.160162262,0.065502869,0.337792736
3025,12679,0.136648345,55345,0.169743597,0.087627394,0.381601458
3026,16984,0.183045625,58642,0.179855525,0.149076479,0.427836208
3027,14214,0.153191858,60114,0.184370162,0.109537812,0.448478474
3028,11315,0.121947789,51376,0.15757064,0.068157812,0.325943065
3029,11311,0.121904679,51648,0.158404866,0.068100717,0.329757397
3030,13818,0.148923955,57230,0.175524909,0.103885352,0.408035339
3031,17139,0.184716143,62341,0.19120039,0.151288932,0.479708316
3032,17989,0.193877046,60897,0.18677163,0.163421736,0.459458701
3033,14490,0.156166457,56101,0.172062256,0.113477404,0.392203057
3034,14326,0.154398942,54162,0.166115326,0.111136487,0.36501192
3036,18716,0.201712313,58101,0.178196273,0.173798852,0.420249614
3037,11868,0.127907765,52856,0.162109812,0.076051272,0.346697518
3038,12862,0.138620633,52911,0.162278498,0.090239516,0.347468798
3039,21119,0.227610725,67164,0.205992573,0.208099004,0.547342589
3040,22210,0.239369014,64905,0.1990642,0.223671815,0.515664002
3041,19050,0.205312009,62468,0.1915899,0.178566331,0.481489272
3042,14090,0.151855444,57661,0.176846789,0.107767849,0.414079372
3043,11946,0.128748413,52449,0.16086154,0.077164635,0.340990043
3044,14606,0.157416651,57672,0.176880526,0.115133175,0.414233628
3046,11401,0.122874657,50550,0.15503729,0.069385366,0.314359837
3047,7823,0.084312643,41449,0.127124444,0.018313397,0.186733978
3048,7806,0.084129425,41250,0.126514109,0.018070741,0.183943346
3049,12209,0.131582904,52873,0.162161952,0.080918667,0.346935914
3051,17434,0.187895515,54613,0.167498547,0.155499729,0.371336418
3052,21095,0.227352065,56061,0.171939575,0.20775643,0.391642126
3053,18408,0.198392833,50254,0.154129456,0.169402495,0.310208947
3054,24618,0.265321314,63655,0.19523044,0.258043336,0.498134904
3055,14866,0.16021881,55541,0.170344731,0.118844386,0.384350021
3056,14870,0.16026192,55835,0.171246431,0.118901482,0.388472865
3057,15206,0.163883171,57065,0.175018852,0.123697508,0.405721498
3058,13637,0.146973221,54493,0.167130506,0.101301779,0.369653625
3059,15102,0.162762308,54475,0.1670753,0.122213023,0.369401206
3060,10524,0.11342276,47095,0.144440775,0.056867167,0.26590941
3061,11539,0.124361957,43170,0.132402766,0.071355163,0.210868041
3062,23184,0.249866332,52738,0.161747905,0.237574581,0.345042771
3063,16698,0.179963251,61406,0.188332737,0.144994148,0.46659655
3064,10419,0.112291119,49203,0.15090603,0.055368409,0.295470481
3065,21996,0.237062622,63186,0.193792012,0.220617203,0.491557986
3066,17676,0.190503678,57849,0.177423387,0.15895401,0.416715748
3067,17889,0.192799293,59692,0.183075884,0.161994348,0.442560651
3068,23594,0.25428512,67653,0.20749234,0.243426875,0.554199972
3070,18602,0.200483674,62887,0.192874977,0.172171629,0.487365026
3071,15282,0.164702264,56492,0.173261456,0.124782323,0.397686159
3072,12879,0.138803851,52329,0.160493499,0.090482172,0.33930725
3073,11112,0.11975995,48494,0.14873152,0.065260213,0.285527976
3074,9304,0.10027417,44064,0.135144672,0.039453025,0.223404852
3075,9316,0.1004035,45532,0.139647041,0.039624311,0.243991025
3076,10217,0.110114058,48190,0.14779915,0.052485084,0.2812649
3078,21793,0.234874783,65050,0.199508917,0.217719604,0.517697378
3079,28293,0.304928749,70829,0.21723316,0.310499872,0.598737905
3081,11170,0.120385047,49212,0.150933633,0.066088098,0.295596691
3082,11052,0.119113298,49780,0.152675694,0.06440378,0.303561913
3083,12188,0.131356576,49287,0.151163658,0.080618916,0.296648436
3084,20203,0.217738505,63691,0.195340852,0.195024123,0.498639742
3085,16069,0.173184182,60555,0.185722713,0.136015873,0.45466274
3087,13256,0.142866981,56350,0.172825941,0.095863427,0.395694853
3088,14492,0.156188012,57597,0.176650501,0.113505952,0.413181882
3089,15646,0.168625286,58492,0.179395474,0.129978018,0.425732716
3090,25220,0.271809389,65915,0.202161879,0.266636216,0.529827514
3091,28087,0.302708577,56067,0.171957977,0.307559451,0.391726266
3093,25573,0.275613859,64124,0.196668867,0.271674898,0.504711822
3094,14650,0.157890863,58089,0.178159469,0.115761226,0.420081335
3095,18927,0.203986372,62009,0.190182143,0.176810643,0.475052587
3096,15462,0.16664222,51993,0.159462984,0.127351623,0.334595428
3097,23688,0.255298208,65162,0.199852422,0.24476862,0.519267985
3099,15982,0.172246537,53876,0.165238161,0.134774044,0.361001262
3101,40110,0.43228686,75920,0.232847301,0.479174398,0.670130416
3102,26556,0.286208174,71402,0.218990556,0.285706129,0.606773244
3103,33969,0.366102028,70912,0.217487722,0.391518456,0.599901837
3104,24878,0.268123473,65778,0.201741699,0.261754546,0.527906324
3105,17950,0.193456722,59447,0.182324467,0.162865055,0.439124947
3106,25025,0.26970777,62148,0.190608457,0.263852808,0.477001823
3107,17350,0.186990202,58869,0.180551736,0.154300722,0.431019492
3108,16127,0.173809279,53870,0.165219759,0.136843758,0.360917122
3109,15835,0.17066224,56006,0.17177089,0.132675783,0.390870846
3111,22044,0.237579944,61948,0.189995056,0.221302349,0.474197167
3113,22477,0.242246616,63925,0.196058532,0.227482943,0.501921189
3114,33787,0.364140517,75066,0.230228076,0.388920609,0.658154537
3115,28014,0.301921817,62896,0.19290258,0.306517457,0.487491235
3116,13709,0.147749204,52760,0.16181538,0.102329498,0.345351283
3121,22848,0.24624508,69668,0.213672363,0.232778555,0.582456878
3122,36514,0.39353085,72936,0.223695347,0.427845499,0.628284953
3123,34618,0.373096647,74284,0.227829675,0.400782209,0.647188333
3124,34686,0.373829519,79065,0.242493044,0.401752833,0.714233628
3125,17173,0.185082579,54188,0.166195068,0.151774244,0.365376525
3126,54251,0.584691958,88732,0.272141817,0.681021439,0.849796662
3127,30100,0.324403752,75335,0.231053101,0.336292786,0.661926798
3128,15733,0.169562931,53833,0.16510628,0.131219846,0.360398261
3129,17855,0.192432857,58747,0.180177561,0.161509035,0.429308652
3130,17976,0.193736938,60611,0.185894465,0.163236176,0.455448044
3131,13960,0.150454365,55353,0.169768133,0.105912244,0.381713645
3132,15362,0.165564466,58416,0.179162381,0.125924234,0.424666947
3133,16541,0.178271178,56668,0.17380125,0.142753147,0.400154256
3134,15490,0.166943991,56111,0.172092926,0.127751292,0.39234329
3135,14097,0.151930887,55887,0.171405916,0.107867767,0.389202075
3136,13380,0.144203395,53874,0.165232027,0.097633389,0.360973216
3137,12060,0.129977051,50052,0.15350992,0.078791858,0.307376245
3138,11904,0.128295756,51083,0.156672006,0.076565132,0.321834245
3139,12020,0.12954595,47224,0.144836419,0.078220903,0.267718413
3140,13430,0.144742272,51169,0.156935769,0.098347084,0.323040247
3141,38258,0.412326868,74971,0.22993671,0.452739159,0.656822325
3142,76598,0.825537494,87216,0.267492232,1,0.828537372
3143,39149,0.421929651,77491,0.237665572,0.465457193,0.692160987
3144,51062,0.550322405,87590,0.268639293,0.635502013,0.833782078
3145,32164,0.346648581,73229,0.224593981,0.365754089,0.632393774
3146,31675,0.341378367,77269,0.236984696,0.358774159,0.689047819
3147,24328,0.26219583,68153,0.209025845,0.253903908,0.561211611
3148,16738,0.180394352,53671,0.164609425,0.145565103,0.35812649
3149,18075,0.194803914,59540,0.182609699,0.164649291,0.440429112
3150,17920,0.193133396,57088,0.175089393,0.162436838,0.406044033
3151,13997,0.150853133,52931,0.162339838,0.106440378,0.347749264
3152,14114,0.152114105,54638,0.167575222,0.108110423,0.371687
3153,11230,0.121031699,50170,0.153871827,0.066944532,0.309030991
3154,12113,0.130548261,52499,0.16101489,0.079548374,0.341691207
3155,11200,0.120708373,50157,0.153831956,0.066516315,0.308848689
3156,13508,0.14558292,53239,0.163284477,0.099460447,0.352068434
3158,12751,0.137424327,53764,0.164894656,0.088655114,0.359430655
3159,13480,0.145281149,55023,0.16875602,0.099060778,0.377085963
3160,15729,0.169519821,53687,0.164658497,0.131162751,0.358350862
3161,31818,0.342919554,65245,0.200106983,0.360815324,0.520431917
3162,25018,0.269632328,64565,0.198021417,0.26375289,0.510896088
3163,16938,0.182549859,60406,0.185265728,0.148419881,0.452573272
3165,16271,0.175361244,61413,0.188354206,0.138899198,0.466694713
3166,14586,0.1572011,56414,0.173022229,0.114847698,0.396592343
3167,13377,0.144171063,54398,0.16683914,0.097590568,0.368321414
3168,10968,0.118207985,43654,0.133887198,0.063204773,0.217655308
3169,10085,0.108691423,46232,0.141793947,0.050600931,0.25380732
3170,14068,0.151618338,54023,0.165689012,0.107453824,0.363062684
3171,8458,0.091156377,40730,0.124919265,0.027377316,0.176651241
3172,11478,0.123704527,48115,0.147569124,0.070484456,0.280213154
3173,11249,0.121236472,50080,0.153595796,0.067215736,0.307768896
3174,8682,0.093570544,43434,0.133212456,0.030574667,0.214570187
3175,9241,0.099595185,43657,0.133896399,0.03855377,0.217697378
3177,7804,0.08410787,41824,0.128274572,0.018042194,0.191992708
3178,13932,0.150152594,55362,0.169795736,0.105512575,0.381839854
3179,12658,0.136422016,51405,0.157659583,0.087327643,0.326349741
3180,12408,0.133727633,51538,0.158067495,0.083759171,0.328214837
3181,21615,0.232956382,67188,0.206066181,0.215178852,0.547679147
3182,21124,0.227664613,59933,0.183815033,0.208170373,0.445940261
3183,18285,0.197067196,58797,0.180330911,0.167646807,0.430009816
3184,23761,0.256084968,70332,0.215708857,0.245810614,0.591768335
3185,26514,0.285755517,70283,0.215558573,0.285106626,0.591081195
3186,52828,0.569355528,92895,0.284909774,0.660709698,0.908175571
3187,30387,0.327496904,79901,0.245057063,0.340389392,0.725957089
3188,33820,0.364496176,80182,0.245918893,0.389391647,0.72989763
3189,15376,0.165715352,58028,0.177972382,0.126124069,0.419225915
3190,17466,0.188240396,64476,0.197748454,0.155956493,0.509648016
3191,34333,0.37002505,81812,0.250918117,0.396714151,0.752755574
3192,16112,0.173647616,59252,0.1817264,0.13662965,0.436390408
3193,30415,0.327798675,77739,0.23842619,0.34078906,0.69563876
3194,17567,0.189328927,61399,0.188311268,0.157398156,0.466498387
3195,17241,0.185815451,61481,0.188562763,0.152744869,0.467648296
3196,13597,0.14654212,56793,0.174184626,0.100730823,0.401907166
3197,16788,0.180933229,57974,0.177806763,0.146278798,0.418468658
3198,11090,0.119522844,50876,0.156037135,0.064946187,0.318931426
3199,12300,0.132563659,50340,0.154393219,0.082217591,0.311414949
3200,7988,0.086090936,42123,0.129191608,0.020668589,0.196185668
3201,9860,0.106266478,48477,0.148679381,0.047389306,0.285289581
3202,15838,0.170694572,61826,0.189620881,0.132718605,0.472486327
3204,20377,0.219613796,65570,0.201103761,0.197507779,0.524989483
3205,28883,0.311287494,75530,0.231651168,0.318921465,0.664661338
3206,53940,0.581340145,99057,0.303808682,0.67658226,0.994587014
3207,31905,0.343857199,84823,0.26015288,0.362057153,0.794979666
3211,16359,0.176309667,59986,0.183977585,0.1401553,0.446683495
3212,13640,0.147005554,53248,0.16331208,0.1013446,0.352194643
3214,8731,0.094098643,42480,0.13028653,0.031274087,0.201191979
3215,12410,0.133749188,49961,0.153230822,0.083787719,0.306100126
3216,14000,0.150885466,51750,0.158717701,0.1064832,0.331187772
3217,12346,0.133059426,53425,0.16385494,0.08287419,0.354676763
3218,13982,0.15069147,54131,0.166020249,0.10622627,0.364577198
3219,10742,0.115772263,46765,0.143428662,0.059978875,0.261281728
3220,21656,0.233398261,57826,0.177352846,0.215764081,0.416393213
3221,17820,0.192055643,55678,0.170764911,0.161009449,0.38627121
3222,15336,0.16528425,48446,0.148584304,0.125553113,0.284854859
3223,12504,0.134762276,46389,0.142275467,0.085129464,0.256008975
3224,12188,0.131356576,49626,0.152203374,0.080618916,0.301402328
3225,20460,0.220508331,50468,0.154785796,0.198692512,0.313209928
3226,13823,0.148977843,51701,0.158567417,0.103956722,0.330500631
3227,20250,0.218245049,58918,0.180702019,0.195694996,0.431706633
3228,18695,0.201485985,56059,0.171933441,0.173499101,0.391614079
3230,12973,0.139816939,46635,0.143029951,0.091823917,0.259458701
3231,17048,0.183735387,49920,0.153105075,0.149990008,0.305525172
3232,13629,0.146887001,39288,0.120496638,0.101187587,0.156429673
3233,9075,0.097806115,36263,0.111218937,0.036184304,0.114009255
3235,10457,0.112700666,44283,0.135816347,0.055910817,0.22647595
3236,9327,0.100522053,45382,0.139186989,0.039781324,0.241887533
3237,7665,0.082609793,28523,0.087480289,0.016058123,0.005469079
3238,7642,0.082361909,38946,0.119447721,0.015729824,0.151633712
3239,11330,0.122109452,47277,0.144998971,0.06837192,0.268461646
3240,14009,0.150982464,51348,0.157484763,0.106611665,0.325550414
3241,10850,0.116936236,45995,0.141067066,0.061520454,0.250483803
3242,10528,0.11346587,40816,0.125183028,0.056924263,0.177857243
3243,30507,0.328790208,42144,0.129256015,0.342102258,0.196480157
3249,10805,0.116451247,43901,0.134644749,0.06087813,0.221119058
3250,10320,0.111224143,44455,0.136343872,0.053955294,0.228887954
3251,9777,0.105371943,45606,0.139873999,0.046204573,0.245028748
3254,9350,0.100769936,43169,0.132399699,0.040109623,0.210854018
3260,10519,0.113368873,43273,0.132718668,0.056795798,0.212312439
3264,11803,0.127207225,43270,0.132709467,0.075123469,0.212270369
3265,12560,0.135365818,40568,0.124422409,0.085928802,0.17437947
3266,10600,0.114241853,42169,0.12933269,0.057951983,0.196830739
3267,8870,0.09559672,34587,0.10607863,0.033258158,0.09050624
3268,14725,0.158699178,41985,0.128768361,0.116831768,0.194250456
3269,15894,0.171298114,46291,0.1419749,0.133517942,0.254634694
3270,13633,0.146930111,46810,0.143566678,0.101244683,0.261912775
3272,9669,0.104207969,38024,0.116619939,0.044662994,0.138704249
3273,9354,0.100813046,39306,0.120551844,0.040166719,0.156682092
3274,9115,0.098237216,35504,0.108891077,0.03675526,0.103365587
3275,9793,0.105544383,44707,0.137116758,0.046432956,0.23242182
3276,10666,0.11495317,42317,0.129786608,0.058894059,0.198906184
3277,18515,0.199546029,45880,0.14071436,0.170929801,0.248871126
3278,12026,0.129610615,42600,0.130654571,0.078306546,0.202874772
3280,12357,0.133177979,45022,0.138082866,0.083031203,0.236839153
3281,11777,0.126927009,48291,0.148108918,0.074752348,0.282681251
3282,9988,0.107646002,44658,0.136966475,0.049216364,0.23173468
3283,12169,0.131151803,44011,0.13498212,0.080347712,0.222661618
3284,13777,0.148482076,46395,0.142293869,0.103300123,0.256093115
3285,12295,0.132509772,46669,0.14313423,0.082146222,0.259935493
3286,10808,0.11648358,38406,0.117791537,0.060920951,0.144061141
3287,8437,0.090930048,35465,0.108771464,0.027077564,0.102818679
3289,9634,0.103830756,40021,0.122744756,0.044163407,0.166708737
3292,9636,0.103852311,30961,0.094957657,0.044191955,0.039657832
3293,8735,0.094141753,35556,0.109050562,0.031331183,0.104094797
3294,9752,0.105102505,37183,0.114040585,0.045847726,0.126910672
3300,10690,0.115211831,43727,0.13411109,0.059236633,0.218679007
3301,9477,0.102138683,42299,0.129731401,0.041922407,0.198653765
3302,9826,0.105900042,37608,0.115344064,0.046903994,0.132870565
3303,12000,0.129330399,42700,0.130961272,0.077935425,0.2042771
3304,10711,0.115438159,45772,0.140383123,0.059536384,0.247356612
3305,13557,0.146111019,51910,0.159208422,0.100159868,0.333431496
3309,7373,0.079462753,29682,0.091034953,0.011890148,0.021722059
3310,7891,0.085045515,37797,0.115923728,0.019284022,0.135520965
3311,8427,0.090822273,40820,0.125195296,0.026934825,0.177913336
3312,8094,0.087233354,37349,0.114549708,0.022181621,0.129238536
3314,12891,0.138933182,35864,0.1099952,0.090653459,0.108413967
3315,9758,0.10516717,38694,0.118674835,0.045933369,0.148099846
3317,10177,0.109682956,41388,0.126937357,0.051914128,0.185878558
3318,9729,0.104854621,39890,0.122342978,0.045519427,0.164871687
3319,8735,0.094141753,37645,0.115457543,0.031331183,0.133389426
3321,13554,0.146078686,53272,0.163385688,0.100117046,0.352531202
3324,11038,0.118962412,37169,0.113997647,0.064203945,0.126714346
3325,11538,0.124351179,40656,0.124692306,0.071340889,0.175613518
3328,12240,0.131917007,53453,0.163940817,0.081361158,0.355069415
3329,9670,0.104218747,41028,0.125833233,0.044677267,0.180830178
3330,8027,0.08651126,38490,0.118049165,0.02122527,0.145239097
3331,13446,0.144914713,53148,0.163005379,0.098575466,0.350792315
3332,10944,0.117949324,47196,0.144750543,0.0628622,0.267325761
3333,12465,0.134341952,48505,0.148765258,0.084572783,0.285682233
3334,11514,0.124092518,45313,0.138975366,0.070998316,0.240919927
3335,11054,0.119134853,53288,0.16343476,0.064432328,0.352755574
3337,10788,0.116268029,49671,0.15234139,0.060635473,0.302033375
3338,11021,0.118779194,51298,0.157331413,0.063961289,0.32484925
3340,13317,0.143524411,54969,0.168590402,0.096734135,0.376328706
3341,14961,0.161242675,57536,0.176463413,0.120200405,0.412326462
3342,12696,0.136831563,52990,0.162520792,0.087870051,0.348576637
3345,13641,0.147016332,55368,0.169814138,0.101358874,0.381923994
3350,13480,0.145281149,50132,0.153755281,0.099060778,0.308498107
3351,10580,0.114026302,46280,0.141941163,0.057666505,0.254480438
3352,12488,0.134589836,49161,0.150777215,0.084901082,0.294881503
3355,10866,0.117108677,45336,0.139045907,0.061748837,0.241242462
3356,8370,0.090207954,44030,0.135040394,0.026121214,0.222928061
3357,15353,0.165467469,53802,0.165011203,0.125795769,0.359963539
3360,9291,0.100134062,41692,0.127869727,0.039267464,0.190141635
3361,8911,0.096038599,36909,0.113200225,0.033843387,0.123068293
3363,10688,0.115190276,44688,0.137058485,0.059208085,0.232155378
3364,12730,0.137197999,46920,0.143904049,0.088355363,0.263455336
3370,8642,0.093139443,41725,0.127970938,0.030003711,0.190604403
3371,8868,0.095575165,39448,0.12098736,0.03322961,0.158673398
3373,9273,0.099940066,43752,0.134187765,0.039010534,0.219029589
3374,10748,0.115836928,49318,0.151258736,0.060064518,0.297083158
3375,11263,0.121387357,39054,0.119778958,0.06741557,0.153148226
3377,10134,0.109219522,44829,0.137490934,0.051300351,0.23413266
3378,10729,0.115632155,30922,0.094838043,0.059793314,0.039110924
3379,15149,0.163268852,32520,0.099739123,0.122883896,0.061520123
3380,10734,0.115686042,46287,0.141962632,0.059864684,0.2545786
3381,10697,0.115287274,45309,0.138963098,0.05933655,0.240863834
3384,8334,0.089819962,36378,0.111571643,0.025607354,0.115621932
3385,11875,0.127983208,37927,0.116322439,0.076151189,0.137343991
3387,7408,0.079839967,35196,0.107946439,0.012389734,0.099046417
3388,14934,0.160951682,39192,0.120202205,0.11981501,0.155083439
3390,11815,0.127336556,40998,0.125741223,0.075294756,0.18040948
3391,17021,0.183444394,57005,0.174834832,0.149604613,0.404880101
3392,12181,0.131281133,31960,0.098021598,0.080518999,0.053667087
3393,12118,0.130602148,39326,0.120613185,0.079619744,0.156962558
3395,13800,0.148729959,31618,0.096972681,0.103628422,0.048871126
3396,11931,0.12858675,35662,0.109375665,0.076950527,0.105581265
3400,10775,0.116127921,43894,0.13462328,0.060449913,0.221020895
3401,11859,0.127810767,42283,0.129682329,0.075922807,0.198429393
3407,9239,0.09957363,38568,0.118288392,0.038525222,0.146332913
3409,11680,0.125881589,38336,0.117576846,0.073367781,0.143079512
3412,11228,0.121010144,40518,0.124269059,0.066915984,0.173678306
3413,9543,0.10285,34010,0.104308966,0.042864484,0.082414809
3414,11229,0.121020921,48159,0.147704073,0.066930258,0.280830178
3418,11136,0.120018611,39212,0.120263546,0.065602786,0.155363904
3419,12010,0.129438175,39306,0.120551844,0.078078164,0.156682092
3420,11748,0.126614461,30124,0.09239057,0.074338405,0.027920348
3423,9299,0.100220282,43898,0.134635548,0.039381655,0.221076988
3424,11162,0.120298827,35946,0.110246695,0.065973907,0.109563876
3427,13273,0.143050199,50418,0.154632445,0.096106084,0.312508765
3428,16170,0.174272713,51331,0.157432624,0.137457535,0.325312018
3429,13039,0.140528256,54669,0.167670299,0.092765994,0.372121722
3430,21082,0.227211957,55654,0.170691303,0.20757087,0.385934652
3431,14294,0.154054061,58107,0.178214675,0.110679723,0.420333754
3433,21179,0.228257377,61008,0.187112067,0.208955437,0.461015285
3434,14785,0.15934583,55014,0.168728417,0.117688201,0.376959753
3435,14338,0.154528272,52500,0.161017957,0.111307774,0.341705231
3437,17598,0.189663031,62034,0.190258818,0.157840646,0.475403169
3438,17645,0.190169575,61882,0.189792633,0.158511519,0.473271631
3440,21223,0.228731589,64211,0.196935696,0.209583488,0.505931847
3441,28016,0.301943372,71651,0.219754241,0.306546005,0.61026504
3442,18472,0.199082595,61559,0.188801989,0.170316024,0.468742112
3444,14766,0.159141056,50334,0.154374816,0.117416997,0.311330809
3446,10222,0.110167945,46176,0.141622194,0.052556453,0.253022017
3447,11153,0.120201829,44614,0.136831527,0.065845442,0.231117655
3448,12217,0.131669124,45765,0.140361654,0.081032858,0.247258449
3450,11120,0.11984617,44429,0.13626413,0.065374404,0.228523349
3451,10866,0.117108677,44059,0.135129337,0.061748837,0.223334736
3453,12811,0.138070979,45532,0.139647041,0.089511548,0.243991025
3458,13535,0.145873913,53183,0.163112724,0.099845842,0.35128313
3460,13217,0.142446657,47504,0.145695182,0.095306746,0.271644931
3461,11516,0.124114073,44545,0.136619903,0.071026863,0.230150049
3462,8996,0.096954689,43906,0.134660084,0.035056667,0.221189174
3463,9988,0.107646002,43953,0.134804234,0.049216364,0.221848268
3464,9071,0.097763004,42458,0.130219056,0.036127209,0.200883467
3465,8382,0.090337284,39968,0.122582204,0.0262925,0.165965503
3467,9703,0.104574405,39568,0.121355401,0.045148306,0.160356191
3468,7526,0.081111715,40570,0.124428543,0.014074053,0.174407516
3469,8957,0.096534366,43796,0.134322714,0.034499986,0.219646613
3472,8366,0.090164843,38010,0.116577001,0.026064118,0.138507923
3475,7186,0.077447354,33926,0.104051338,0.009220931,0.081236853
3477,9767,0.105264168,31798,0.097524743,0.046061834,0.051395316
3478,9254,0.099735293,40225,0.123370425,0.03873933,0.169569485
3480,9763,0.105221057,38274,0.117386691,0.046004739,0.142210069
3482,11069,0.119296516,34818,0.106787109,0.064646436,0.093745618
3483,8956,0.096523588,39792,0.122042411,0.034485712,0.163497406
3485,7950,0.08568139,35327,0.108348217,0.020126181,0.100883467
3490,10510,0.113271875,41382,0.126918955,0.056667333,0.185794419
3491,9634,0.103830756,32864,0.100794174,0.044163407,0.066344131
3494,7466,0.080465063,36962,0.113362776,0.01321762,0.123811527
3496,9212,0.099282637,41516,0.127329934,0.038139827,0.187673538
3498,11394,0.122799214,46522,0.142683379,0.069285449,0.257874071
3500,10540,0.113595201,44675,0.137018614,0.057095549,0.231973075
3501,10914,0.117625998,46565,0.142815261,0.062433983,0.258477072
3505,9482,0.102192571,42474,0.130268128,0.041993777,0.201107839
3507,9839,0.10604015,28133,0.086284156,0.047089554,0
3509,9842,0.106072483,32965,0.101103942,0.047132376,0.067760482
3512,10251,0.110480494,38775,0.118923263,0.052970396,0.149235731
3515,10974,0.11827265,47564,0.145879202,0.063290417,0.272486327
3516,10070,0.10852976,41624,0.127661171,0.050386822,0.189188052
3517,9147,0.098582097,40893,0.125419187,0.037212024,0.178937035
3518,9934,0.107064016,38262,0.117349887,0.048445574,0.142041789
3521,9712,0.104671403,48447,0.148587371,0.045276771,0.284868882
3522,12095,0.130354265,50012,0.15338724,0.079291444,0.306815313
3523,10720,0.115535157,44497,0.136472687,0.059664849,0.229476932
3525,8571,0.092374238,37363,0.114592646,0.028990265,0.129434862
3527,9626,0.103744535,38207,0.117181202,0.044049216,0.141270509
3530,11212,0.120837703,39016,0.119662412,0.066687602,0.152615341
3531,9656,0.104067861,36548,0.112093034,0.044477433,0.11800589
3533,10204,0.10997395,38408,0.117797671,0.052299523,0.144089188
3537,9259,0.099789181,38359,0.117647387,0.0388107,0.143402047
3540,11659,0.125655261,32727,0.100373994,0.073068029,0.064422942
3542,7419,0.079958519,28154,0.086348563,0.012546747,0.000294489
3544,9681,0.1043373,34541,0.105937548,0.04483428,0.08986117
3546,9522,0.102623672,38655,0.118555222,0.042564732,0.147552938
3549,9887,0.106557472,37059,0.113660276,0.047774701,0.125171785
3550,12599,0.135786142,47497,0.145673713,0.086485483,0.271546768
3551,13172,0.141961668,51274,0.157257805,0.094664421,0.324512691
3555,9643,0.103927753,45172,0.138542918,0.044291872,0.238942645
3556,8916,0.096092487,43255,0.132663462,0.033914756,0.21206002
3557,10643,0.114705287,44226,0.135641527,0.05856576,0.225676623
3558,10483,0.112980881,41729,0.127983207,0.056281938,0.190660496
3559,10104,0.108896196,41462,0.127164315,0.050872135,0.186916281
3561,11039,0.11897319,44747,0.137239439,0.064218219,0.232982751
3562,10858,0.117022456,42614,0.130697509,0.061634646,0.203071098
3563,9284,0.100058619,38560,0.118263856,0.039167547,0.146220726
3564,11148,0.120147941,45521,0.139613304,0.065774073,0.243836769
3566,9363,0.100910044,40293,0.123578982,0.040295184,0.170523068
3567,7976,0.085961605,41221,0.126425166,0.020497302,0.183536671
3568,10379,0.111860018,42520,0.13040921,0.054797454,0.20175291
3570,9486,0.102235681,42993,0.131859906,0.042050872,0.208385921
3571,7666,0.08262057,35827,0.109881721,0.016072397,0.107895106
3572,11328,0.122087897,49618,0.152178838,0.068343373,0.301290142
3573,8316,0.089625967,35663,0.109378732,0.025350424,0.105595288
3575,8321,0.089679854,36910,0.113203292,0.025421793,0.123082317
3579,8823,0.095090176,39789,0.12203321,0.032587285,0.163455336
3580,7577,0.08166137,39491,0.121119241,0.014802021,0.159276399
3581,9264,0.099843068,35182,0.1079035,0.038882069,0.098850091
3584,9263,0.099832291,43133,0.132289287,0.038867795,0.21034918
3585,11301,0.121796904,42126,0.129200809,0.067957978,0.196227738
3586,9120,0.098291104,43142,0.13231689,0.036826629,0.210475389
3588,7139,0.07694081,37290,0.114368755,0.008550059,0.128411163
3589,13831,0.149064063,34410,0.10553577,0.104070913,0.08802412
3590,9870,0.106374254,36801,0.112868988,0.047532045,0.121553779
3591,9680,0.104326522,46912,0.143879513,0.044820006,0.26334315
3594,7860,0.084711412,36153,0.110881566,0.018841531,0.112466695
3595,7223,0.077846123,34954,0.107204223,0.009749065,0.095652784
3596,17959,0.19355372,41632,0.127685707,0.16299352,0.189300238
3597,9234,0.099519742,40499,0.124210786,0.038453853,0.173411864
3608,10592,0.114155633,46406,0.142327606,0.057837792,0.256247371
3610,8504,0.091652143,42267,0.129633257,0.028033915,0.19820502
3612,8946,0.096415813,42348,0.129881685,0.034342973,0.199340906
3614,12782,0.13775843,48969,0.15018835,0.089097605,0.292189034
3616,11607,0.125094829,46890,0.143812038,0.072325787,0.263034637
3617,9169,0.098819203,42153,0.129283618,0.03752605,0.196606367
3618,8230,0.088699099,41490,0.127250191,0.02412287,0.187308933
3620,10144,0.109327298,44140,0.135377765,0.05144309,0.224470621
3621,8616,0.092859227,43496,0.133402611,0.02963259,0.21543963
3622,11670,0.125773813,42627,0.13073738,0.073225042,0.203253401
3623,8712,0.09389387,42286,0.12969153,0.031002883,0.198471463
3624,7293,0.07860055,42243,0.129559649,0.010748237,0.197868462
3629,9289,0.100112507,42912,0.131611478,0.039238916,0.207250035
3630,10683,0.115136388,43608,0.133746116,0.059136715,0.217010237
3631,13241,0.142705318,48503,0.148759124,0.095649319,0.285654186
3633,10059,0.108411207,43702,0.134034415,0.05022981,0.218328425
3634,9475,0.102117128,44334,0.135972764,0.041893859,0.227191137
3635,8182,0.088181777,43546,0.133555961,0.023437723,0.216140794
3636,9287,0.100090952,44029,0.135037327,0.039210369,0.222914037
3637,7909,0.085239511,41151,0.126210475,0.019540952,0.182555041
3638,11160,0.120277271,43559,0.133595832,0.06594536,0.216323096
3639,7795,0.084010872,40137,0.123100529,0.017913729,0.168335437
3640,10123,0.109100969,40318,0.123655657,0.051143338,0.17087365
3641,8915,0.096081709,44765,0.137294645,0.033900482,0.23323517
3644,10443,0.11254978,44645,0.136926604,0.055710982,0.231552377
3646,10093,0.108777643,47392,0.145351677,0.050715122,0.270074323
3649,9404,0.101351923,39340,0.120656123,0.040880413,0.157158884
3658,11595,0.124965498,50111,0.153690874,0.072154501,0.308203618
3659,21806,0.235014891,46670,0.143137297,0.217905164,0.259949516
3660,10391,0.111989348,44928,0.137794567,0.05496874,0.235520965
3662,14371,0.154883931,64265,0.197101315,0.111778812,0.506689104
3663,8926,0.096200262,42545,0.130485886,0.034057495,0.202103492
3664,11602,0.125040941,46088,0.141352298,0.072254418,0.251787968
3666,10524,0.11342276,42698,0.130955138,0.056867167,0.204249053
3669,10820,0.11661291,43348,0.132948694,0.061092238,0.213364185
3670,10354,0.11159058,42660,0.130838592,0.054440606,0.203716169
3672,10282,0.110814597,44132,0.135353228,0.053412886,0.224358435
3673,10961,0.118132542,44633,0.1368898,0.063104856,0.231384098
3675,10259,0.110566714,45175,0.138552119,0.053084587,0.238984715
3677,10761,0.115977036,44571,0.136699645,0.060250079,0.230514654
3678,12555,0.13531193,46364,0.142198792,0.085857432,0.255658393
3682,10980,0.118337315,44166,0.135457507,0.06337606,0.224835226
3683,10111,0.108971639,49202,0.150902963,0.050972052,0.295456458
3685,11171,0.120395824,46562,0.14280606,0.066102372,0.258435002
3687,12389,0.13352286,50920,0.156172084,0.083487967,0.31954845
3688,11604,0.125062496,52006,0.159502855,0.072282966,0.334777731
3690,11291,0.121689128,48890,0.149946056,0.067815239,0.291081195
3691,13020,0.140323483,51382,0.157589042,0.09249479,0.326027205
3694,7450,0.080292623,47171,0.144673868,0.012989237,0.266975179
3695,11463,0.123542864,44975,0.137938717,0.070270347,0.236180059
3697,10830,0.116720685,45761,0.140349386,0.061234977,0.247202356
3698,11486,0.123790747,43693,0.134006812,0.070598647,0.218202216
3699,8721,0.093990868,38550,0.118233186,0.031131348,0.146080494
3700,9371,0.100996264,43957,0.134816502,0.040409375,0.221904361
3701,11405,0.122917767,41061,0.125934445,0.069442462,0.181292946
3705,8749,0.094292639,38973,0.119530531,0.031531017,0.15201234
3707,9543,0.10285,43045,0.13201939,0.042864484,0.209115131
3709,8673,0.093473546,36892,0.113148085,0.030446202,0.122829898
3711,10572,0.113940082,46036,0.141192813,0.057552314,0.251058758
3712,10381,0.111881573,44292,0.13584395,0.054826001,0.22660216
3713,7804,0.08410787,39065,0.119812695,0.018042194,0.153302482
3714,11091,0.119533622,43359,0.132982431,0.064960461,0.213518441
3715,10212,0.11006017,43088,0.132151271,0.052413714,0.209718132
3717,11577,0.124771503,43980,0.134887043,0.071897571,0.222226897
3719,11367,0.122508221,43462,0.133298333,0.068900054,0.214962838
3720,9269,0.099896956,43194,0.132476374,0.038953439,0.2112046
3722,10693,0.115244163,40996,0.125735089,0.059279454,0.180381433
3723,10379,0.111860018,41078,0.125986584,0.054797454,0.181531342
3725,12053,0.129901609,43216,0.132543848,0.078691941,0.211513112
3726,9573,0.103173326,32863,0.100791107,0.0432927,0.066330108
3727,7082,0.076326491,36045,0.110550329,0.007736447,0.110952181
3728,8426,0.090811495,40261,0.123480838,0.026920552,0.170074323
3730,11664,0.125709148,44640,0.136911269,0.073139399,0.231482261
3732,10053,0.108346542,41136,0.12616447,0.050144166,0.182344692
3733,8057,0.086834586,40229,0.123382693,0.021653487,0.169625578
3735,9411,0.101427366,40749,0.124977538,0.040980331,0.176917683
3737,10536,0.113552091,44814,0.137444928,0.057038454,0.233922311
3739,11591,0.124922388,36024,0.110485922,0.072097405,0.110657692
3740,9803,0.105652159,40606,0.124538956,0.046575694,0.174912355
3741,10646,0.114737619,41917,0.128559804,0.058608581,0.193296873
3744,10399,0.112075569,38546,0.118220918,0.055082931,0.146024401
3746,10278,0.110771487,45317,0.138987634,0.053355791,0.24097602
3747,12057,0.129944719,46276,0.141928895,0.078749037,0.254424344
3749,14045,0.151370455,49724,0.152503941,0.107125525,0.302776609
3750,10949,0.118003212,51932,0.159275896,0.062933569,0.333740008
3751,20706,0.223159604,44186,0.135518847,0.202203888,0.225115692
3752,11767,0.126819234,53332,0.163569709,0.074609609,0.353372599
3753,12376,0.133382752,56102,0.172065323,0.083302407,0.39221708
3754,12853,0.138523635,55000,0.168685479,0.090111051,0.376763427
3755,11264,0.121398135,48361,0.148323608,0.067429844,0.28366288
3756,12036,0.129718391,53010,0.162582132,0.078449285,0.348857103
3757,13010,0.140215708,52058,0.15966234,0.092352051,0.335506942
3758,11763,0.126776124,53122,0.162925637,0.074552514,0.35042771
3759,17332,0.186796207,53491,0.164057363,0.154043792,0.3556023
3760,14115,0.152124882,56509,0.173313595,0.108124697,0.397924555
3761,15394,0.165909347,51795,0.158855716,0.126380999,0.331818819
3763,11047,0.11905941,49630,0.152215642,0.06433241,0.301458421
3764,12748,0.137391994,52554,0.161183576,0.088612293,0.342462488
3765,14697,0.158397407,53194,0.163146461,0.116432099,0.351437386
3766,14529,0.156586781,55458,0.170090169,0.114034086,0.383186089
3767,13592,0.146488232,55120,0.16905352,0.100659454,0.378446221
3770,19646,0.211735419,50169,0.15386876,0.187073568,0.309016968
3775,15502,0.167073321,52755,0.161800045,0.127922578,0.345281167
3777,11485,0.12377997,47848,0.146750233,0.070584373,0.276468938
3778,6977,0.07519485,37477,0.114942285,0.006237689,0.131033516
3779,7169,0.077264136,31755,0.097392862,0.008978275,0.050792315
3781,12364,0.133253422,52494,0.160999555,0.08313112,0.341621091
3782,14551,0.156823887,53273,0.163388755,0.114348112,0.352545225
3783,12960,0.139676831,52610,0.161355328,0.091638357,0.343247791
3786,17450,0.188067956,63312,0.194178456,0.155728111,0.493324919
3787,15206,0.163883171,57278,0.175672125,0.123697508,0.408708456
3788,17153,0.184867028,58708,0.180057947,0.151488766,0.428761744
3789,16498,0.177807744,60442,0.185376141,0.14213937,0.45307811
3791,14419,0.155401252,57823,0.177343645,0.112463958,0.416351143
3792,15323,0.165144143,59181,0.181508643,0.125367553,0.435394755
3793,11119,0.119835393,47749,0.146446599,0.06536013,0.275080634
3795,13124,0.141444347,43988,0.134911579,0.093979274,0.222339083
3796,11711,0.126215692,50357,0.154445358,0.073810271,0.311653345
3797,10673,0.115028613,45738,0.140278844,0.058993976,0.246879821
3799,9021,0.097224128,42856,0.131439725,0.035413515,0.206464731
3800,18500,0.199384366,43715,0.134074286,0.170715693,0.218510728
3802,10717,0.115502824,49067,0.150488916,0.059622027,0.293563315
3803,9716,0.104714513,46374,0.142229462,0.045333866,0.255798626
3804,18797,0.202585293,54093,0.165903702,0.174955037,0.364044314
3805,11165,0.120331159,50526,0.154963682,0.066016729,0.314023279
3806,15593,0.168054076,56313,0.172712462,0.129221502,0.395175992
3807,16343,0.176137226,56541,0.17341174,0.139926918,0.3983733
3808,19995,0.215496778,56219,0.172424163,0.192055154,0.393857804
3809,13081,0.140980913,53513,0.164124837,0.093365497,0.355910812
3810,10810,0.116505135,49378,0.151442756,0.060949499,0.297924555
3812,13259,0.142899314,49677,0.152359792,0.095906249,0.302117515
3813,11764,0.126786902,50894,0.156092341,0.074566788,0.319183845
3814,11186,0.120557487,49299,0.151200462,0.066316481,0.296816716
3815,12902,0.139051734,50028,0.153436312,0.090810471,0.307039686
3816,10650,0.114780729,46913,0.14388258,0.058665677,0.263357173
3818,11020,0.118768417,47637,0.146103094,0.063947015,0.273510027
3820,13204,0.142306549,50181,0.153905564,0.095121185,0.309185248
3821,13940,0.150238814,49867,0.152942523,0.105626766,0.304781938
3822,12456,0.134244955,49979,0.153286028,0.084444318,0.306352545
3823,14490,0.156166457,52352,0.16056404,0.113477404,0.339629785
3824,14537,0.156673001,54459,0.167026227,0.114148277,0.369176834
3825,13422,0.144656052,53513,0.164124837,0.098232893,0.355910812
3831,13120,0.141401237,48862,0.14986018,0.093922179,0.290688543
3832,10458,0.112711443,40166,0.123189472,0.055925091,0.168742112
3833,8148,0.087815341,43929,0.134730626,0.022952411,0.221511709
3835,13689,0.147533653,45981,0.141024128,0.102044021,0.250287477
3840,13303,0.143373525,53355,0.16364025,0.0965343,0.353695134
3842,13027,0.140398926,52923,0.162315302,0.092594707,0.347637078
3844,15879,0.171136451,60247,0.184778074,0.133303834,0.45034357
3847,11568,0.124674505,53909,0.165339373,0.071769106,0.36146403
3850,15430,0.166297339,56979,0.174755089,0.126894859,0.404515496
3851,15899,0.171352002,56971,0.174730553,0.133589312,0.404403309
3854,19320,0.208221943,65255,0.200137653,0.18242028,0.52057215
3856,17239,0.185793896,61512,0.18865784,0.152716321,0.468083018
3857,13224,0.1425221,51068,0.156626001,0.095406663,0.321623896
3858,11531,0.124275736,50260,0.154147858,0.071240972,0.310293087
3859,12256,0.132089448,49902,0.153049869,0.08158954,0.305272753
3860,12686,0.136723787,52210,0.160128525,0.087727312,0.33763848
3862,13205,0.142317327,54528,0.167237851,0.095135459,0.37014444
3864,8895,0.095866159,41691,0.12786666,0.033615005,0.190127612
3865,9771,0.105307278,46608,0.142947142,0.04611893,0.259080073
3869,16406,0.176816211,60498,0.185547893,0.140826173,0.453863413
3870,12450,0.134180289,53429,0.163867208,0.084358674,0.354732857
3871,12841,0.138394305,50719,0.155555615,0.089939764,0.316729771
3873,12854,0.138534413,53519,0.164143239,0.090125325,0.355994952
3874,58933,0.635152369,48554,0.148915541,0.74785178,0.286369373
3875,10441,0.112528225,45300,0.138935495,0.055682435,0.240737624
3878,12936,0.139418171,45170,0.138536784,0.091295783,0.238914598
3880,11621,0.125245714,43265,0.132694132,0.072525622,0.212200252
3882,10731,0.11565371,45258,0.13880668,0.059821862,0.240148647
3885,8843,0.095305727,42625,0.130731246,0.032872763,0.203225354
3886,11928,0.128554417,47379,0.145311806,0.076907705,0.269892021
3887,6978,0.075205627,40945,0.125578672,0.006251963,0.179666246
3888,11119,0.119835393,43416,0.13315725,0.06536013,0.214317767
3889,6540,0.070485068,30403,0.093246266,0,0.031832843
3890,11859,0.127810767,45727,0.140245107,0.075922807,0.246725564
3891,19371,0.208771597,45798,0.140462865,0.183148249,0.247721217
3892,10252,0.110491271,36619,0.112310792,0.05298467,0.119001543
3895,9315,0.100392723,36802,0.112872055,0.039610037,0.121567803
3896,10597,0.11420952,42548,0.130495087,0.057909161,0.202145562
3898,8734,0.094130976,40709,0.124854858,0.031316909,0.176356752
3900,8751,0.094314194,36139,0.110838628,0.031559565,0.112270369
3902,11431,0.123197983,46804,0.143548276,0.069813583,0.261828636
3903,11767,0.126819234,45443,0.139374077,0.074609609,0.242742953
3904,12991,0.140010935,43856,0.134506734,0.092080847,0.22048801
3909,10467,0.112808441,43436,0.13321859,0.056053556,0.214598233
3910,12090,0.130300377,52032,0.159582597,0.079220075,0.335142336
3911,13143,0.14164912,47783,0.146550877,0.094250478,0.275557425
3912,12647,0.136303463,50188,0.153927033,0.08717063,0.30928341
3913,13835,0.149107173,51122,0.156791619,0.104128008,0.322381153
3915,10965,0.118175652,47081,0.144397837,0.063161952,0.265713084
3916,25517,0.275010317,57581,0.176601429,0.27087556,0.412957509
3918,12178,0.1312488,50510,0.15491461,0.080476177,0.313798906
3919,9128,0.098377324,46844,0.143670956,0.03694082,0.262389567
3920,8734,0.094130976,47586,0.145946677,0.031316909,0.272794839
3921,8944,0.096394258,32235,0.098865026,0.034314425,0.057523489
3922,10720,0.115535157,42122,0.129188541,0.059664849,0.196171645
3923,15473,0.166760772,41921,0.128572072,0.127508636,0.193352966
3925,10423,0.112334229,44831,0.137497068,0.055425505,0.234160707
3926,18308,0.197315079,53145,0.162996178,0.167975106,0.350750245
3927,16002,0.172462088,51823,0.158941592,0.135059522,0.332211471
3928,52864,0.569743519,72407,0.2220729,0.661223558,0.620866639
3929,36866,0.397324542,64907,0.199070334,0.432869908,0.515692049
3930,26561,0.286262062,65447,0.200726519,0.285777499,0.523264619
3931,15028,0.16196477,52491,0.160990354,0.121156756,0.341579021
3933,19871,0.214160364,53129,0.162947106,0.190285192,0.350525873
3934,18036,0.19438359,57556,0.176524753,0.164092609,0.412606927
3936,13696,0.147609096,49300,0.151203529,0.102143938,0.296830739
3937,24384,0.262799372,58096,0.178180938,0.254703246,0.420179498
3938,13412,0.144548276,48508,0.148774459,0.098090154,0.285724302
3939,10747,0.11582615,44775,0.137325315,0.060050244,0.233375403
3940,10728,0.115621377,42537,0.13046135,0.05977904,0.201991306
3941,10830,0.116720685,44032,0.135046528,0.061234977,0.222956107
3942,16984,0.183045625,46556,0.142787658,0.149076479,0.258350862
3943,25241,0.272035718,49973,0.153267626,0.266935967,0.306268406
3944,67601,0.728572027,60234,0.184738203,0.871577836,0.450161268
3945,13182,0.142069444,46075,0.141312426,0.09480716,0.251605665
3950,11049,0.119080965,46042,0.141211215,0.064360958,0.251142897
3951,10007,0.107850776,44073,0.135172275,0.049487567,0.223531062
3953,11764,0.126786902,46355,0.142171189,0.074566788,0.255532183
3954,16258,0.175221136,47019,0.144207683,0.138713637,0.26484364
3956,10572,0.113940082,41147,0.126198207,0.057552314,0.182498948
3957,8807,0.094917736,43672,0.133942404,0.032358903,0.217907727
3958,9125,0.098344991,37091,0.11375842,0.036897999,0.12562053
3959,11744,0.126571351,39612,0.121490349,0.07428131,0.160973216
3960,11499,0.123930855,45024,0.138089,0.070784207,0.2368672
3962,9686,0.104391187,43182,0.13243957,0.04490565,0.21103632
3965,7720,0.083202557,40443,0.124039033,0.016843187,0.17262656
3966,12948,0.139547501,43889,0.134607945,0.09146707,0.220950778
3971,11051,0.11910252,47533,0.145784125,0.064389506,0.272051606
3975,11419,0.123068653,53758,0.164876254,0.069642296,0.359346515
3976,9110,0.098183328,45133,0.138423304,0.03668389,0.238395737
3977,10883,0.117291895,50576,0.155117033,0.061991493,0.314724443
3978,11967,0.128974741,53808,0.165029605,0.077464387,0.360047679
3979,7631,0.082243356,39958,0.122551534,0.015572811,0.16582527
3980,11341,0.122228005,50666,0.155393063,0.068528933,0.315986538
3981,11672,0.125795368,47770,0.146511006,0.07325359,0.275375123
3984,10642,0.114694509,45892,0.140751164,0.058551486,0.249039405
3987,10966,0.11818643,49163,0.150783349,0.063176225,0.29490955
3988,11431,0.123197983,44662,0.136978743,0.069813583,0.231790773
3991,7044,0.075916944,41179,0.126296352,0.007194039,0.182947693
3992,8582,0.092492791,41501,0.127283929,0.029147278,0.187463189
3995,13949,0.150335812,41759,0.128075217,0.105755231,0.191081195
3996,14043,0.1513489,48423,0.148513763,0.107096977,0.284532324
,9278561,,32605059,,,
